0,1,2,3,4,5,6,7,8,9,10,11,12,13,14,15,16,17,18,19,20,21,22,23,24,25,26,27,28,29,30,31,32,33,34,35,36,37,38,39,40,41,42
1e-99,1.54e-05,1e-99,1e-99,1e-99,1e-99,1e-99,1e-99,1e-99,1e-99,1e-99,1e-99,1e-99,1e-99,1e-99,1e-99,1e-99,1e-99,1e-99,1e-99,1e-99,1e-99,1e-99,1e-99,1e-99,1e-99,1e-99,1e-99,1e-99,1e-99,1e-99,1e-99,1e-99,1e-99,1e-99,1e-99,1e-99,1e-99,1e-99,1e-99,1e-99,1e-99,1e-99
9.119999999999998e-20,3.77e-16,5.059999999999999e-06,1e-99,1e-99,1e-99,1e-99,1e-99,1e-99,1e-99,1e-99,1e-99,1e-99,1e-99,1e-99,1e-99,1e-99,1e-99,1e-99,1e-99,1e-99,1e-99,1e-99,1e-99,1e-99,1e-99,1e-99,1e-99,1e-99,1e-99,1e-99,1e-99,1e-99,1e-99,1e-99,1e-99,1e-99,1e-99,1e-99,1e-99,1e-99,1e-99,1e-99
1e-99,9.84e-15,0.9820000000000001,1e-99,1e-99,1e-99,1e-99,1e-99,1e-99,1e-99,1e-99,1e-99,1e-99,1e-99,1e-99,1e-99,1e-99,1e-99,1e-99,1e-99,1e-99,1e-99,1e-99,1e-99,1e-99,1e-99,1e-99,1e-99,1e-99,1e-99,1e-99,1e-99,1e-99,1e-99,1e-99,1e-99,1e-99,1e-99,1e-99,1e-99,1e-99,1e-99,1e-99
1e-99,1e-99,1e-99,3.48e-15,1.82e-07,1e-99,1e-99,1e-99,1e-99,1e-99,1e-99,1e-99,1e-99,1e-99,1e-99,1e-99,1e-99,1e-99,1e-99,1e-99,1e-99,1e-99,1e-99,1e-99,1e-99,1e-99,1e-99,1e-99,1e-99,1e-99,1e-99,1e-99,1e-99,1e-99,1e-99,1e-99,1e-99,1e-99,1e-99,1e-99,1e-99,1e-99,1e-99
1e-99,1e-99,1e-99,7.05e-09,1e-99,1e-99,1e-99,1e-99,1e-99,1e-99,1e-99,1e-99,1e-99,1e-99,1e-99,1e-99,1e-99,1e-99,1e-99,1e-99,1e-99,1e-99,1e-99,1e-99,1e-99,1e-99,1e-99,1e-99,1e-99,1e-99,1e-99,1e-99,1e-99,1e-99,1e-99,1e-99,1e-99,1e-99,1e-99,1e-99,1e-99,1e-99,1e-99
1e-99,1e-99,1e-99,3.0499999999999997e-23,4.51e-15,7.13e-10,3.19e-14,1e-99,1e-99,1e-99,1e-99,1e-99,1e-99,1e-99,1e-99,1e-99,1e-99,1e-99,1e-99,1e-99,1e-99,1e-99,1e-99,1e-99,1e-99,1e-99,1e-99,1e-99,1e-99,1e-99,1e-99,1e-99,1e-99,1e-99,1e-99,1e-99,1e-99,1e-99,1e-99,1e-99,1e-99,1e-99,1e-99
1e-99,1e-99,1e-99,9.52e-37,2.64e-19,3.88e-10,0.00030000000000000003,4.66e-10,1e-99,1e-99,1e-99,1e-99,1e-99,1e-99,1e-99,1e-99,1e-99,1e-99,1e-99,1e-99,1e-99,1e-99,1e-99,1e-99,1e-99,1e-99,1e-99,1e-99,1e-99,1e-99,1e-99,1e-99,1e-99,1e-99,1e-99,1e-99,1e-99,1e-99,1e-99,1e-99,1e-99,1e-99,1e-99
1e-99,1e-99,1e-99,1e-99,2.69e-29,1.4800000000000002e-15,7.3e-05,0.0121,8.61e-09,1e-99,1e-99,1e-99,1e-99,1e-99,1e-99,1e-99,1e-99,1e-99,1e-99,1e-99,1e-99,1e-99,1e-99,1e-99,1e-99,1e-99,1e-99,1e-99,1e-99,1e-99,1e-99,1e-99,1e-99,1e-99,1e-99,1e-99,1e-99,1e-99,1e-99,1e-99,1e-99,1e-99,1e-99
1e-99,1e-99,1e-99,1e-99,1.33e-34,1.4099999999999997e-21,0.00012,4.0099999999999995e-07,0.0004,7.9e-12,1e-99,1e-99,1e-99,1e-99,1e-99,1e-99,1e-99,1e-99,1e-99,1e-99,1e-99,1e-99,1e-99,1e-99,1e-99,1e-99,1e-99,1e-99,1e-99,1e-99,1e-99,1e-99,1e-99,1e-99,1e-99,1e-99,1e-99,1e-99,1e-99,1e-99,1e-99,1e-99,1e-99
1e-99,1e-99,1e-99,1e-99,1e-99,9.010000000000001e-31,1.52e-12,4.27e-14,3.5e-07,4.570000000000001e-13,1e-99,1e-99,1e-99,1e-99,1e-99,1e-99,1e-99,1e-99,1e-99,1e-99,1e-99,1e-99,1e-99,1e-99,1e-99,1e-99,1e-99,1e-99,1e-99,1e-99,1e-99,1e-99,1e-99,1e-99,1e-99,1e-99,1e-99,1e-99,1e-99,1e-99,1e-99,1e-99,1e-99
1e-99,1e-99,1e-99,1e-99,1e-99,1e-99,6.969999999999999e-19,1.79e-19,1.28e-12,1.18e-16,0.0016,9.710000000000002e-13,1e-99,1e-99,1e-99,1e-99,1e-99,1e-99,1e-99,1e-99,1e-99,1e-99,1e-99,1e-99,1e-99,1e-99,1e-99,1e-99,1e-99,1e-99,1e-99,1e-99,1e-99,1e-99,1e-99,1e-99,1e-99,1e-99,1e-99,1e-99,1e-99,1e-99,1e-99
1e-99,1e-99,1e-99,1e-99,1e-99,1e-99,1e-99,7.75e-26,9.619999999999999e-20,6.72e-23,8.699999999999999e-07,1.52e-11,1e-99,1e-99,1e-99,1e-99,1e-99,1e-99,1e-99,1e-99,1e-99,1e-99,1e-99,1e-99,1e-99,1e-99,1e-99,1e-99,1e-99,1e-99,1e-99,1e-99,1e-99,1e-99,1e-99,1e-99,1e-99,1e-99,1e-99,1e-99,1e-99,1e-99,1e-99
1e-99,1e-99,1e-99,1e-99,1e-99,1e-99,1e-99,1e-99,1.78e-25,3.34e-28,1.27e-06,0.0002,0.000515,5.5300000000000005e-09,1e-99,1e-99,1e-99,1e-99,1e-99,1e-99,1e-99,1e-99,1e-99,1e-99,1e-99,1e-99,1e-99,1e-99,1e-99,1e-99,1e-99,1e-99,1e-99,1e-99,1e-99,1e-99,1e-99,1e-99,1e-99,1e-99,1e-99,1e-99,1e-99
1e-99,1e-99,1e-99,1e-99,1e-99,1e-99,1e-99,1e-99,4.92e-32,2.2599999999999996e-34,1.2199999999999999e-12,7.85e-09,2.5299999999999995e-06,1.9740000000017801e-13,1e-99,1e-99,1e-99,1e-99,1e-99,1e-99,1e-99,1e-99,1e-99,1e-99,1e-99,1e-99,1e-99,1e-99,1e-99,1e-99,1e-99,1e-99,1e-99,1e-99,1e-99,1e-99,1e-99,1e-99,1e-99,1e-99,1e-99,1e-99,1e-99
1e-99,1e-99,1e-99,1e-99,1e-99,1e-99,1e-99,1e-99,1e-99,1e-99,8.43e-18,1.28e-13,0.00014,5.8e-05,0.000653,9.75e-14,1e-99,1e-99,1e-99,1e-99,1e-99,1e-99,1e-99,1e-99,1e-99,1e-99,1e-99,1e-99,1e-99,1e-99,1e-99,1e-99,1e-99,1e-99,1e-99,1e-99,1e-99,1e-99,1e-99,1e-99,1e-99,1e-99,1e-99
1e-99,1e-99,1e-99,1e-99,1e-99,1e-99,1e-99,1e-99,1e-99,1e-99,4.8199999999999996e-24,3.75e-19,3.14e-10,4.21e-09,3.430000000000001e-05,5.82e-13,1e-99,1e-99,1e-99,1e-99,1e-99,1e-99,1e-99,1e-99,1e-99,1e-99,1e-99,1e-99,1e-99,1e-99,1e-99,1e-99,1e-99,1e-99,1e-99,1e-99,1e-99,1e-99,1e-99,1e-99,1e-99,1e-99,1e-99
1e-99,1e-99,1e-99,1e-99,1e-99,1e-99,1e-99,1e-99,1e-99,1e-99,1e-99,1e-99,6.6800000000000005e-15,2.47e-13,2.3500000000000002e-05,8.16e-06,0.00039600000000000003,4.45e-17,1e-99,1e-99,1e-99,1e-99,1e-99,1e-99,1e-99,1e-99,1e-99,1e-99,1e-99,1e-99,1e-99,1e-99,1e-99,1e-99,1e-99,1e-99,1e-99,1e-99,1e-99,1e-99,1e-99,1e-99,1e-99
1e-99,1e-99,1e-99,1e-99,1e-99,1e-99,1e-99,1e-99,1e-99,1e-99,1e-99,1e-99,5.269999999999999e-21,1.19e-18,2.7e-09,2.6000000000000003e-10,3.24e-06,2.1400000000000005e-15,1e-99,1e-99,1e-99,1e-99,1e-99,1e-99,1e-99,1e-99,1e-99,1e-99,1e-99,1e-99,1e-99,1e-99,1e-99,1e-99,1e-99,1e-99,1e-99,1e-99,1e-99,1e-99,1e-99,1e-99,1e-99
1e-99,1e-99,1e-99,1e-99,1e-99,1e-99,1e-99,1e-99,1e-99,1e-99,1e-99,1e-99,1e-99,1e-99,6.280000000000001e-14,6.09e-12,1.86e-05,2.5299999999999995e-06,7.75e-05,7.19e-14,1e-99,1e-99,1e-99,1e-99,1e-99,1e-99,1e-99,1e-99,1e-99,1e-99,1e-99,1e-99,1e-99,1e-99,1e-99,1e-99,1e-99,1e-99,1e-99,1e-99,1e-99,1e-99,1e-99
1e-99,1e-99,1e-99,1e-99,1e-99,1e-99,1e-99,1e-99,1e-99,1e-99,1e-99,1e-99,1e-99,1e-99,7.509999999999999e-20,5.39e-17,1.71e-10,4.3600000000000005e-10,6.620000000000001e-09,2.7200000000000003e-19,1e-99,1e-99,1e-99,1e-99,1e-99,1e-99,1e-99,1e-99,1e-99,1e-99,1e-99,1e-99,1e-99,1e-99,1e-99,1e-99,1e-99,1e-99,1e-99,1e-99,1e-99,1e-99,1e-99
1e-99,1e-99,1e-99,1e-99,1e-99,1e-99,1e-99,1e-99,1e-99,1e-99,1e-99,1e-99,1e-99,1e-99,1e-99,6.79e-22,9.390000000000001e-08,8.550000000000001e-07,1.54e-05,3.4700000000000002e-06,5.9900000000000006e-05,1.81e-22,1e-99,1e-99,1e-99,1e-99,1e-99,1e-99,1e-99,1e-99,1e-99,1e-99,1e-99,1e-99,1e-99,1e-99,1e-99,1e-99,1e-99,1e-99,1e-99,1e-99,1e-99
1e-99,1e-99,1e-99,1e-99,1e-99,1e-99,1e-99,1e-99,1e-99,1e-99,1e-99,1e-99,1e-99,1e-99,1e-99,1e-99,2.44e-13,3.04e-11,3.72e-10,1.16e-09,5.27e-09,1.34e-20,1e-99,1e-99,1e-99,1e-99,1e-99,1e-99,1e-99,1e-99,1e-99,1e-99,1e-99,1e-99,1e-99,1e-99,1e-99,1e-99,1e-99,1e-99,1e-99,1e-99,1e-99
1e-99,1e-99,1e-99,1e-99,1e-99,1e-99,1e-99,1e-99,1e-99,1e-99,1e-99,1e-99,1e-99,1e-99,1e-99,1e-99,1.87e-18,1.9800000000000002e-15,2.63e-08,2.6299999999999996e-07,4.2e-07,1.16e-18,1e-99,1e-99,1e-99,1e-99,1e-99,1e-99,1e-99,1e-99,1e-99,1e-99,1e-99,1e-99,1e-99,1e-99,1e-99,1e-99,1e-99,1e-99,1e-99,1e-99,1e-99
1e-99,1e-99,1e-99,1e-99,1e-99,1e-99,1e-99,1e-99,1e-99,1e-99,1e-99,1e-99,1e-99,1e-99,1e-99,1e-99,9.65e-25,2.2699999999999998e-20,1.0600000000000001e-12,1.0200000000000001e-10,8.980000000000001e-08,2.41e-19,1e-99,1e-99,1e-99,1e-99,1e-99,1e-99,1e-99,1e-99,1e-99,1e-99,1e-99,1e-99,1e-99,1e-99,1e-99,1e-99,1e-99,1e-99,1e-99,1e-99,1e-99
1e-99,1e-99,1e-99,1e-99,1e-99,1e-99,1e-99,1e-99,1e-99,1e-99,1e-99,1e-99,1e-99,1e-99,1e-99,1e-99,1e-99,1e-99,4.0599999999999997e-17,3.77e-14,1.42e-06,3.88e-08,2.23e-07,2.9799999999999996e-20,1e-99,1e-99,1e-99,1e-99,1e-99,1e-99,1e-99,1e-99,1e-99,1e-99,1e-99,1e-99,1e-99,1e-99,1e-99,1e-99,1e-99,1e-99,1e-99
1e-99,1e-99,1e-99,1e-99,1e-99,1e-99,1e-99,1e-99,1e-99,1e-99,1e-99,1e-99,1e-99,1e-99,1e-99,1e-99,1e-99,1e-99,2.0800000000000002e-22,1.64e-18,2.03e-10,4.5599999999999996e-11,2.08e-07,2.5e-20,1e-99,1e-99,1e-99,1e-99,1e-99,1e-99,1e-99,1e-99,1e-99,1e-99,1e-99,1e-99,1e-99,1e-99,1e-99,1e-99,1e-99,1e-99,1e-99
1e-99,1e-99,1e-99,1e-99,1e-99,1e-99,1e-99,1e-99,1e-99,1e-99,1e-99,1e-99,1e-99,1e-99,1e-99,1e-99,1e-99,1e-99,1e-99,1.5900000000000002e-22,2.79e-09,3.99e-14,2.1499999999999997e-06,2.29e-19,7.42e-07,4.63e-21,1e-99,1e-99,1e-99,1e-99,1e-99,1e-99,1e-99,1e-99,1e-99,1e-99,1e-99,1e-99,1e-99,1e-99,1e-99,1e-99,1e-99
1e-99,1e-99,1e-99,1e-99,1e-99,1e-99,1e-99,1e-99,1e-99,1e-99,1e-99,1e-99,1e-99,1e-99,1e-99,1e-99,1e-99,1e-99,1e-99,1.47e-27,2.02e-13,2.34e-18,1.6399999999999999e-07,9.26e-10,5.32e-10,2.9299999999999998e-24,1e-99,1e-99,1e-99,1e-99,1e-99,1e-99,1e-99,1e-99,1e-99,1e-99,1e-99,1e-99,1e-99,1e-99,1e-99,1e-99,1e-99
1e-99,1e-99,1e-99,1e-99,1e-99,1e-99,1e-99,1e-99,1e-99,1e-99,1e-99,1e-99,1e-99,1e-99,1e-99,1e-99,1e-99,1e-99,1e-99,1e-99,1.38e-07,1.02e-16,1.6399999999999999e-07,3.77e-07,1.4900000000000001e-05,2.32e-17,7.14e-05,2.1099999999999996e-20,1e-99,1e-99,1e-99,1e-99,1e-99,1e-99,1e-99,1e-99,1e-99,1e-99,1e-99,1e-99,1e-99,1e-99,1e-99
1e-99,1e-99,1e-99,1e-99,1e-99,1e-99,1e-99,1e-99,1e-99,1e-99,1e-99,1e-99,1e-99,1e-99,1e-99,1e-99,1e-99,1e-99,1e-99,1e-99,1.9599999999999997e-12,2.1699999999999998e-20,9.08e-12,2.52e-10,1.7199999999999998e-06,8.19e-21,2.9100000000000002e-08,8.289999999999999e-24,1e-99,1e-99,1e-99,1e-99,1e-99,1e-99,1e-99,1e-99,1e-99,1e-99,1e-99,1e-99,1e-99,1e-99,1e-99
1e-99,1e-99,1e-99,1e-99,1e-99,1e-99,1e-99,1e-99,1e-99,1e-99,1e-99,1e-99,1e-99,1e-99,1e-99,1e-99,1e-99,1e-99,1e-99,1e-99,1.1100000000000001e-17,1e-99,2.5e-16,3.72e-14,4.38e-07,1.3300000000000001e-05,0.00117,3.8199999999999997e-19,4.9500000000000004e-05,6.3e-22,1e-99,1e-99,1e-99,1e-99,1e-99,1e-99,1e-99,1e-99,1e-99,1e-99,1e-99,1e-99,1e-99
1e-99,1e-99,1e-99,1e-99,1e-99,1e-99,1e-99,1e-99,1e-99,1e-99,1e-99,1e-99,1e-99,1e-99,1e-99,1e-99,1e-99,1e-99,1e-99,1e-99,3.73e-23,1e-99,1.2099999999999998e-21,1.9900000000000002e-18,4.389999999999999e-11,8.980000000000002e-09,2.8700000000000003e-05,1.23e-16,2.45e-08,4.230000000000001e-25,1e-99,1e-99,1e-99,1e-99,1e-99,1e-99,1e-99,1e-99,1e-99,1e-99,1e-99,1e-99,1e-99
1e-99,1e-99,1e-99,1e-99,1e-99,1e-99,1e-99,1e-99,1e-99,1e-99,1e-99,1e-99,1e-99,1e-99,1e-99,1e-99,1e-99,1e-99,1e-99,1e-99,1e-99,1e-99,1e-99,1e-99,3.03e-15,3.4900000000000003e-12,3.72e-06,3.3599999999999996e-06,1.9600000000000002e-05,3.4000000000000003e-22,1e-99,1e-99,1e-99,1e-99,1e-99,1e-99,1e-99,1e-99,1e-99,1e-99,1e-99,1e-99,1e-99
1e-99,1e-99,1e-99,1e-99,1e-99,1e-99,1e-99,1e-99,1e-99,1e-99,1e-99,1e-99,1e-99,1e-99,1e-99,1e-99,1e-99,1e-99,1e-99,1e-99,1e-99,1e-99,1e-99,1e-99,2.79e-20,3.89e-16,7.42e-10,2.2400000000000005e-09,8.659999999999999e-07,1.6299999999999997e-23,1e-99,1e-99,1e-99,1e-99,1e-99,1e-99,1e-99,1e-99,1e-99,1e-99,1e-99,1e-99,1e-99
1e-99,1e-99,1e-99,1e-99,1e-99,1e-99,1e-99,1e-99,1e-99,1e-99,1e-99,1e-99,1e-99,1e-99,1e-99,1e-99,1e-99,1e-99,1e-99,1e-99,1e-99,1e-99,1e-99,1e-99,1e-99,1e-99,1.0400000000000001e-13,1.05e-12,2.7799999999999996e-06,5.75e-07,9.92e-07,1.8899999999999998e-24,1e-99,1e-99,1e-99,1e-99,1e-99,1e-99,1e-99,1e-99,1e-99,1e-99,1e-99
1e-99,1e-99,1e-99,1e-99,1e-99,1e-99,1e-99,1e-99,1e-99,1e-99,1e-99,1e-99,1e-99,1e-99,1e-99,1e-99,1e-99,1e-99,1e-99,1e-99,1e-99,1e-99,1e-99,1e-99,1e-99,1e-99,1.8200000000000003e-18,6.320000000000001e-17,5.12e-10,5.26e-10,8.619999999999999e-10,1.24e-27,1e-99,1e-99,1e-99,1e-99,1e-99,1e-99,1e-99,1e-99,1e-99,1e-99,1e-99
1e-99,1e-99,1e-99,1e-99,1e-99,1e-99,1e-99,1e-99,1e-99,1e-99,1e-99,1e-99,1e-99,1e-99,1e-99,1e-99,1e-99,1e-99,1e-99,1e-99,1e-99,1e-99,1e-99,1e-99,1e-99,1e-99,9.119999999999999e-23,7.919999999999999e-21,7.269999999999999e-07,2.65e-07,5.879999999999999e-07,9.32e-34,1e-99,1e-99,1e-99,1e-99,1e-99,1e-99,1e-99,1e-99,1e-99,1e-99,1e-99
1e-99,1e-99,1e-99,1e-99,1e-99,1e-99,1e-99,1e-99,1e-99,1e-99,1e-99,1e-99,1e-99,1e-99,1e-99,1e-99,1e-99,1e-99,1e-99,1e-99,1e-99,1e-99,1e-99,1e-99,1e-99,1e-99,1e-99,1e-99,8.71e-11,1.32e-10,8.779999999999999e-08,1.84e-25,1e-99,1e-99,1e-99,1e-99,1e-99,1e-99,1e-99,1e-99,1e-99,1e-99,1e-99
1e-99,1e-99,1e-99,1e-99,1e-99,1e-99,1e-99,1e-99,1e-99,1e-99,1e-99,1e-99,1e-99,1e-99,1e-99,1e-99,1e-99,1e-99,1e-99,1e-99,1e-99,1e-99,1e-99,1e-99,1e-99,1e-99,1e-99,1e-99,1.0700000000000001e-14,7.12e-14,4.0599999999999996e-07,3.95e-08,4.3099999999999996e-08,1.1000000000000002e-26,1e-99,1e-99,1e-99,1e-99,1e-99,1e-99,1e-99,1e-99,1e-99
1e-99,1e-99,1e-99,1e-99,1e-99,1e-99,1e-99,1e-99,1e-99,1e-99,1e-99,1e-99,1e-99,1e-99,1e-99,1e-99,1e-99,1e-99,1e-99,1e-99,1e-99,1e-99,1e-99,1e-99,1e-99,1e-99,1e-99,1e-99,1.21e-19,4.85e-18,1.1499999999999999e-10,8.96e-11,5.6299999999999996e-11,8.69e-30,1e-99,1e-99,1e-99,1e-99,1e-99,1e-99,1e-99,1e-99,1e-99
1e-99,1e-99,1e-99,1e-99,1e-99,1e-99,1e-99,1e-99,1e-99,1e-99,1e-99,1e-99,1e-99,1e-99,1e-99,1e-99,1e-99,1e-99,1e-99,1e-99,1e-99,1e-99,1e-99,1e-99,1e-99,1e-99,1e-99,1e-99,1e-99,1e-99,1.38e-08,2.7000000000000004e-08,5.93e-08,1.8e-26,1.0300000000000002e-09,2.59e-29,1e-99,1e-99,1e-99,1e-99,1e-99,1e-99,1e-99
1e-99,1e-99,1e-99,1e-99,1e-99,1e-99,1e-99,1e-99,1e-99,1e-99,1e-99,1e-99,1e-99,1e-99,1e-99,1e-99,1e-99,1e-99,1e-99,1e-99,1e-99,1e-99,1e-99,1e-99,1e-99,1e-99,1e-99,1e-99,1e-99,1e-99,1.6499999999999998e-12,5.33e-11,1.71e-08,4.2400000000000006e-27,4.21e-12,5.85e-32,1e-99,1e-99,1e-99,1e-99,1e-99,1e-99,1e-99
1e-99,1e-99,1e-99,1e-99,1e-99,1e-99,1e-99,1e-99,1e-99,1e-99,1e-99,1e-99,1e-99,1e-99,1e-99,1e-99,1e-99,1e-99,1e-99,1e-99,1e-99,1e-99,1e-99,1e-99,1e-99,1e-99,1e-99,1e-99,1e-99,1e-99,1.52e-15,9.460000000000001e-14,8.130000000000001e-08,1.23e-08,1.0700000000000002e-08,3.5299999999999996e-28,3.01e-10,8.78e-31,1e-99,1e-99,1e-99,1e-99,1e-99
1e-99,1e-99,1e-99,1e-99,1e-99,1e-99,1e-99,1e-99,1e-99,1e-99,1e-99,1e-99,1e-99,1e-99,1e-99,1e-99,1e-99,1e-99,1e-99,1e-99,1e-99,1e-99,1e-99,1e-99,1e-99,1e-99,1e-99,1e-99,1e-99,1e-99,5.0599999999999995e-20,1.6100000000000002e-17,4.75e-11,6.919999999999999e-11,9.150000000000001e-09,1.67e-28,1.4099999999999998e-12,1.85e-33,1e-99,1e-99,1e-99,1e-99,1e-99
1e-99,1e-99,1e-99,1e-99,1e-99,1e-99,1e-99,1e-99,1e-99,1e-99,1e-99,1e-99,1e-99,1e-99,1e-99,1e-99,1e-99,1e-99,1e-99,1e-99,1e-99,1e-99,1e-99,1e-99,1e-99,1e-99,1e-99,1e-99,1e-99,1e-99,1e-99,1e-99,1.78e-08,3.07e-13,2.8999999999999998e-08,1.18e-08,2.01e-09,5.710000000000001e-30,1e-99,1e-99,1e-99,1e-99,1e-99
1e-99,1e-99,1e-99,1e-99,1e-99,1e-99,1e-99,1e-99,1e-99,1e-99,1e-99,1e-99,1e-99,1e-99,1e-99,1e-99,1e-99,1e-99,1e-99,1e-99,1e-99,1e-99,1e-99,1e-99,1e-99,1e-99,1e-99,1e-99,1e-99,1e-99,1e-99,1e-99,6.01e-12,1.42e-16,2.7e-11,1.1000000000000001e-10,8.29e-12,1.5700000000000003e-32,1e-99,1e-99,1e-99,1e-99,1e-99
1e-99,1e-99,1e-99,1e-99,1e-99,1e-99,1e-99,1e-99,1e-99,1e-99,1e-99,1e-99,1e-99,1e-99,1e-99,1e-99,1e-99,1e-99,1e-99,1e-99,1e-99,1e-99,1e-99,1e-99,1e-99,1e-99,1e-99,1e-99,1e-99,1e-99,1e-99,1e-99,1.8700000000000004e-15,1.1399999999999998e-19,6.25e-08,1.1899999999999999e-08,1.0700000000000002e-08,2.64e-29,2.79e-10,3.94e-32,1e-99,1e-99,1e-99
1e-99,1e-99,1e-99,1e-99,1e-99,1e-99,1e-99,1e-99,1e-99,1e-99,1e-99,1e-99,1e-99,1e-99,1e-99,1e-99,1e-99,1e-99,1e-99,1e-99,1e-99,1e-99,1e-99,1e-99,1e-99,1e-99,1e-99,1e-99,1e-99,1e-99,1e-99,1e-99,4.0099999999999995e-20,1.12e-23,4.12e-11,4.49e-11,1.08e-08,3.89e-29,1.29e-12,2e-34,1e-99,1e-99,1e-99
1e-99,1e-99,1e-99,1e-99,1e-99,1e-99,1e-99,1e-99,1e-99,1e-99,1e-99,1e-99,1e-99,1e-99,1e-99,1e-99,1e-99,1e-99,1e-99,1e-99,1e-99,1e-99,1e-99,1e-99,1e-99,1e-99,1e-99,1e-99,1e-99,1e-99,1e-99,1e-99,1e-99,1e-99,1.18e-08,9.210000000000001e-14,5.46e-08,1.1000000000000001e-08,5.04e-09,8.28e-31,1e-99,1e-99,1e-99
1e-99,1e-99,1e-99,1e-99,1e-99,1e-99,1e-99,1e-99,1e-99,1e-99,1e-99,1e-99,1e-99,1e-99,1e-99,1e-99,1e-99,1e-99,1e-99,1e-99,1e-99,1e-99,1e-99,1e-99,1e-99,1e-99,1e-99,1e-99,1e-99,1e-99,1e-99,1e-99,1e-99,1e-99,1.77e-12,8.12e-18,3.36e-11,3.99e-11,3.61e-09,6.14e-31,1e-99,1e-99,1e-99
1e-99,1e-99,1e-99,1e-99,1e-99,1e-99,1e-99,1e-99,1e-99,1e-99,1e-99,1e-99,1e-99,1e-99,1e-99,1e-99,1e-99,1e-99,1e-99,1e-99,1e-99,1e-99,1e-99,1e-99,1e-99,1e-99,1e-99,1e-99,1e-99,1e-99,1e-99,1e-99,1e-99,1e-99,2.75e-16,4.5199999999999994e-21,1.7e-08,4.34e-09,4.32e-08,1.04e-08,1.3400000000000001e-08,2.17e-31,8.79e-10
1e-99,1e-99,1e-99,1e-99,1e-99,1e-99,1e-99,1e-99,1e-99,1e-99,1e-99,1e-99,1e-99,1e-99,1e-99,1e-99,1e-99,1e-99,1e-99,1e-99,1e-99,1e-99,1e-99,1e-99,1e-99,1e-99,1e-99,1e-99,1e-99,1e-99,1e-99,1e-99,1e-99,1e-99,6.64e-22,1e-99,9.61e-13,1.2e-12,4.3799999999999995e-12,3.36e-12,2.9500000000000004e-09,2.46e-30,1.01e-12
1e-99,1e-99,1e-99,1e-99,1e-99,1e-99,1e-99,1e-99,1e-99,1e-99,1e-99,1e-99,1e-99,1e-99,1e-99,1e-99,1e-99,1e-99,1e-99,1e-99,1e-99,1e-99,1e-99,1e-99,1e-99,1e-99,1e-99,1e-99,1e-99,1e-99,1e-99,1e-99,1e-99,1e-99,1e-99,1e-99,8.19e-17,2.84e-16,4.91e-16,1.02e-15,4.56e-09,1.63e-09,5.6e-10
1e-99,1e-99,1e-99,1e-99,1e-99,1e-99,1e-99,1e-99,1e-99,1e-99,1e-99,1e-99,1e-99,1e-99,1e-99,1e-99,1e-99,1e-99,1e-99,1e-99,1e-99,1e-99,1e-99,1e-99,1e-99,1e-99,1e-99,1e-99,1e-99,1e-99,1e-99,1e-99,1e-99,1e-99,1e-99,1e-99,1.62e-21,3.35e-20,2.06e-20,1.82e-19,2.9199999999999997e-12,7.3e-12,9.720000000000002e-10
1e-99,1e-99,1e-99,1e-99,1e-99,1e-99,1e-99,1e-99,1e-99,1e-99,1e-99,1e-99,1e-99,1e-99,1e-99,1e-99,1e-99,1e-99,1e-99,1e-99,1e-99,1e-99,1e-99,1e-99,1e-99,1e-99,1e-99,1e-99,1e-99,1e-99,1e-99,1e-99,1e-99,1e-99,1e-99,1e-99,1e-99,1e-99,1e-99,2.99e-23,4.7100000000000005e-09,3.9599999999999997e-14,1.0300000000000002e-09
1e-99,1e-99,1e-99,1e-99,1e-99,1e-99,1e-99,1e-99,1e-99,1e-99,1e-99,1e-99,1e-99,1e-99,1e-99,1e-99,1e-99,1e-99,1e-99,1e-99,1e-99,1e-99,1e-99,1e-99,1e-99,1e-99,1e-99,1e-99,1e-99,1e-99,1e-99,1e-99,1e-99,1e-99,1e-99,1e-99,1e-99,1e-99,1e-99,1e-99,2.41e-12,2.4500000000000004e-17,5.97e-10
1e-99,1e-99,1e-99,1e-99,1e-99,1e-99,1e-99,1e-99,1e-99,1e-99,1e-99,1e-99,1e-99,1e-99,1e-99,1e-99,1e-99,1e-99,1e-99,1e-99,1e-99,1e-99,1e-99,1e-99,1e-99,1e-99,1e-99,1e-99,1e-99,1e-99,1e-99,1e-99,1e-99,1e-99,1e-99,1e-99,1e-99,1e-99,1e-99,1e-99,7.77e-10,7.36e-20,1.5200000000000001e-09
1e-99,1e-99,1e-99,1e-99,1e-99,1e-99,1e-99,1e-99,1e-99,1e-99,1e-99,1e-99,1e-99,1e-99,1e-99,1e-99,1e-99,1e-99,1e-99,1e-99,1e-99,1e-99,1e-99,1e-99,1e-99,1e-99,1e-99,1e-99,1e-99,1e-99,1e-99,1e-99,1e-99,1e-99,1e-99,1e-99,1e-99,1e-99,1e-99,1e-99,1.3600000000000003e-13,8.529999999999998e-21,2.5e-12
1e-99,1e-99,1e-99,1e-99,1e-99,1e-99,1e-99,1e-99,1e-99,1e-99,1e-99,1e-99,1e-99,1e-99,1e-99,1e-99,1e-99,1e-99,1e-99,1e-99,1e-99,1e-99,1e-99,1e-99,1e-99,1e-99,1e-99,1e-99,1e-99,1e-99,1e-99,1e-99,1e-99,1e-99,1e-99,1e-99,1e-99,1e-99,1e-99,1e-99,9.74e-18,1e-99,6.21e-10
1e-99,1e-99,1e-99,1e-99,1e-99,1e-99,1e-99,1e-99,1e-99,1e-99,1e-99,1e-99,1e-99,1e-99,1e-99,1e-99,1e-99,1e-99,1e-99,1e-99,1e-99,1e-99,1e-99,1e-99,1e-99,1e-99,1e-99,1e-99,1e-99,1e-99,1e-99,1e-99,1e-99,1e-99,1e-99,1e-99,1e-99,1e-99,1e-99,1e-99,1e-99,1e-99,1.08e-12
1e-99,1e-99,1e-99,1e-99,1e-99,1e-99,1e-99,1e-99,1e-99,1e-99,1e-99,1e-99,1e-99,1e-99,1e-99,1e-99,1e-99,1e-99,1e-99,1e-99,1e-99,1e-99,1e-99,1e-99,1e-99,1e-99,1e-99,1e-99,1e-99,1e-99,1e-99,1e-99,1e-99,1e-99,1e-99,1e-99,1e-99,1e-99,1e-99,1e-99,1e-99,1e-99,1.65e-15
